{
  "Actb": {
    "total_sites": 50,
    "avg_g_content": 0.37450000000000006,
    "avg_tm": 74.97683263581878
  },
  "Tuba1a": {
    "total_sites": 100,
    "avg_g_content": 0.34600000000000014,
    "avg_tm": 72.36619566051999
  }
}