{
  "Actb": {
    "total_sites": 100,
    "avg_g_content": 0.35025,
    "avg_tm": 74.45632088594834
  },
  "Tuba1a": {
    "total_sites": 100,
    "avg_g_content": 0.35650000000000015,
    "avg_tm": 72.88381157480421
  }
}