{
  "Actb": {
    "total_sites": 30,
    "avg_g_content": 0.3841666666666666,
    "avg_tm": 77.71300894717108
  },
  "Tuba1a": {
    "total_sites": 30,
    "avg_g_content": 0.38166666666666665,
    "avg_tm": 77.6444256617258
  }
}